# Домашнее задание к занятию «SQL. Часть 1»

---

Задание можно выполнить как в любом IDE, так и в командной строке.

### Задание 1

Получите уникальные названия районов из таблицы с адресами, которые начинаются на “K” и заканчиваются на “a” и не содержат пробелов.

#### Ответ на задание 1.

```SQL
mysql> select distinct district from address where district like 'K%a' and district not like '% %';
+-----------+
| district  |
+-----------+
| Kanagawa  |
| Kalmykia  |
| Kaduna    |
| Karnataka |
| K?tahya   |
| Kerala    |
| Kitaa     |
+-----------+
7 rows in set (0.01 sec)

mysql>
```
---

### Задание 2

Получите из таблицы платежей за прокат фильмов информацию по платежам, которые выполнялись в промежуток с 15 июня 2005 года по 18 июня 2005 года **включительно** и стоимость которых превышает 10.00.

#### Ответ на задание 2.

```SQL
mysql> select cast(payment_date as date), amount from payment where cast(payment_date as date) between "2005-06-15" and "2005-06-18" and amount > 10;
+----------------------------+--------+
| cast(payment_date as date) | amount |
+----------------------------+--------+
| 2005-06-15                 |  10.99 |
| 2005-06-17                 |  10.99 |
| 2005-06-17                 |  11.99 |
| 2005-06-18                 |  10.99 |
| 2005-06-16                 |  10.99 |
| 2005-06-15                 |  10.99 |
| 2005-06-17                 |  10.99 |
+----------------------------+--------+
7 rows in set (0.01 sec)

mysql> 

```
---

### Задание 3

Получите последние пять аренд фильмов.

#### Ответ на задание 3

```SQL
mysql> select * from rental order by rental_date desc limit 5;
+-----------+---------------------+--------------+-------------+-------------+----------+---------------------+
| rental_id | rental_date         | inventory_id | customer_id | return_date | staff_id | last_update         |
+-----------+---------------------+--------------+-------------+-------------+----------+---------------------+
|     11739 | 2006-02-14 15:16:03 |         4568 |         373 | NULL        |        2 | 2006-02-15 21:30:53 |
|     14616 | 2006-02-14 15:16:03 |         4537 |         532 | NULL        |        1 | 2006-02-15 21:30:53 |
|     11676 | 2006-02-14 15:16:03 |         4496 |         216 | NULL        |        2 | 2006-02-15 21:30:53 |
|     15966 | 2006-02-14 15:16:03 |         4472 |         374 | NULL        |        1 | 2006-02-15 21:30:53 |
|     13486 | 2006-02-14 15:16:03 |         4460 |         274 | NULL        |        1 | 2006-02-15 21:30:53 |
+-----------+---------------------+--------------+-------------+-------------+----------+---------------------+
5 rows in set (0.00 sec)

mysql>

```
--- 

### Задание 4

Одним запросом получите активных покупателей, имена которых Kelly или Willie. 

Сформируйте вывод в результат таким образом:
- все буквы в фамилии и имени из верхнего регистра переведите в нижний регистр,
- замените буквы 'll' в именах на 'pp'.

#### Ответ на задание 4.

---

## Дополнительные задания (со звёздочкой*)
Эти задания дополнительные, то есть не обязательные к выполнению, и никак не повлияют на получение вами зачёта по этому домашнему заданию. Вы можете их выполнить, если хотите глубже шире разобраться в материале.

### Задание 5*

Выведите Email каждого покупателя, разделив значение Email на две отдельных колонки: в первой колонке должно быть значение, указанное до @, во второй — значение, указанное после @.

### Задание 6*

Доработайте запрос из предыдущего задания, скорректируйте значения в новых колонках: первая буква должна быть заглавной, остальные — строчными.
